text,label,pred,prob
"они что , реально представляют очереди на согласование ? бля , с какой планеты наши чиновники ?",0,1,0.6737889
"в маках есть кнопки . только агрессивному быдлу обычно плевать на них , пока его мордой в пол не уложат .",1,0,0.16185291
"автор , не в обиду , я прожила 4 года в волгограде . у вас концентрация быдла огромная , а чиновники одни из самых охуевших в рф .",1,0,0.19814168
сменить работу не вариант ? сутками работать оно совсем не здорово .,0,1,0.56702083
"пидорашка это не фамилия , а состояние души , распространено только в россиюшке",1,0,0.44485587
хуежка . сколько можно nba потнашим правилам оценивать,0,1,0.6761649
"блять , маргиналошизики , чего вас так тянет сюда ? пиздуйте в свой тред и там создавайте борду с ue b er marginal",1,0,0.4696147
какие ваши доказательства ! ?,0,1,0.76202
какая - то странная нативная реклама mybox,0,1,0.54460746
"удивительно: этого дегенерата всё ещё смотрят . как вам там под парашей , опущенцы ? нормас ?",1,0,0.4701862
"и какой придурок засунул туда цыплят ? во - первых , они недостаточно выросли и это просто нецелесообразно , слишком мало мяса . во - вторых , в этом случае в готовом продукте будет кровь , что для мяса является браком . в третьих полученный фарш будет слишком низкого качества из - за крови , костей , шкуры и прочего . если нужно реализовать их , проще подать из тушки как цыплят - корнишонов . вывод один: оператор ебаный садист , которому просто по фану измельчить заживо кучку цыплят",1,0,0.42166933
"а мамка её двощи читает . мамка джамили , когда уже вы вашу дочь воспитаете ? и да , она уже так остопиздела на канале , потому что ваша дочь уже там из всех щелей лезет , лучше работу ей найдите с которой она не вылетит , и пусть снимается в умеренном количестве . но лично у меня к вашей доце после того что она выкинула и как она себя ведёт - море негатива и бомбежа .",1,0,0.16562605
"шизики , вот вам ещё для подогрева пердаков .",1,0,0.450856
"говори адрес , петушара , будешь у меня на камеру говорить , что кузьма - не свинья и на коленях прощения просить",1,0,0.39354628
"так ! 12 числа , сего месяца , приобрёл монументальную монографию биология добра и зла , 999 сносок , что для биологии - моё почтение ! буду оприходовать . жадные дети могут подумать , что это реклама . да , это реклама .",0,1,0.51109856
женщина красивая . актриса никакая . смотрел помню трансформеров - плевался .,0,1,0.5147649
из матрицы нельзя выйти,0,1,0.5694337
уточнил просто . людей меньше 25 лвл считаю пробником человека . но самоутверждением здесь не пахнет .,1,0,0.32991844
"если она программист , то ебать её нужно за такое наименование переменной , ну или за использование оператора присваивания для сравнения",0,1,0.8162548
"вроде как самого да винчи в ересях не обвиняли , только его кота . upd . : о , только щас обратил внимание на ник автора .",1,0,0.44772854
", я тупой и не понял шутки или это спам ?",1,0,0.20081511
"да наказали , только информация по приговору закрыта , дело в стадии обжалования находится",0,1,0.55316883
"а что еще отвечать на подобные долбоебские вопросы ? ну то есть , павук нормально ответил , но стасян зачем - то начел спрашивать то же самое , только другими словами",1,0,0.16046517
"конкретнее давайте , континент какой ? ?",0,1,0.7205409
"подход нужно к людям искать . я всегда стараюсь подружиться с людьми , в итоге есть те , которые действительно пытаются запомнить что - то , прочитать , научиться , с ними как раз легко схожусь , а есть те , кто пытается на шею сесть и делают всё так , что б ты выполнил всю работу за них , с ними не дружу , и разговор всегда примерно такой: работает компьютер , считает excel - моя работа выполнена , дальше сами .",0,1,0.6022131
"ой блять , мамкины борцуны с троллями подъехали . ирину через резину .",1,0,0.49347517
"то есть получается , что россия - сырьевой придаток запада ?",1,0,0.13973624
химически термостойкими материалами а почему не физически ?,0,1,0.5689047
"шапочку из фольги надень я без неё в тред и не хожу . постер выглядел искренним ) таким же , как цыганка - нищенка с золотыми зубами или ещё искренней ? нынешний вайп - ещё тупее прошлого .",1,0,0.26661563
webm 1 . пнх 2 . че ещё пизданёшь ? 3 . хочу понюхать твои волосики 4 . это просто вау,1,0,0.411404
а карты памяти хоть поддерживаются телефоном ?,0,1,0.5133998
"без косметики лучше . разрисованные по современному стограммному стандарту еблища ужасны - не представляю , откуда взялась такая мода .",0,1,0.7215394
по идее это позор но поцреоты будут надрывно гордиться .,1,0,0.08999594
смотря какой объем . очень многое зависит от квот .,0,1,0.5753251
"к нам в иред у тебя нет треда своего , сучка",1,0,0.17474373
некоторое время назад работал на заводе светотехники . полностью подтверждаю .,0,1,0.58771926
"я сразу поменял от спорта , удобнее стало",0,1,0.60882705
"есть россия , та которая в сердце , в душе , остаток чистого . а есть рашка , раисся , пидорашка . состояние того , что сделали со страной чиновники",1,0,0.30038443
"слишком много хочешь . руснявая пидораха не стоит и пальца казаха . вы и должны быть рабами , вам не привыкать .",1,0,0.49761543
как раз потому и удалили потому что это полное позорище .,1,0,0.23412791
"как бы сказать - то . на нынешнем дваче адекватней ребята . при своей свободе . или у них за пятнадцать лет такая токсичная атмосфера настоялась , что со стороны дикой кажется . а те , кто прошли этот отбор , кайфуют мб .",1,0,0.43609896
стоит от тебя ждать подробного сравнения ? ),1,0,0.30868942
пёстрый скакунчик ! :3,0,1,0.79783636
"просвещайся , крестьянин",1,0,0.2869484
"прошу прощенья , вы видели фото из коридора ? о какой чрезмерной нагрузки вы говорите ? на весь дом ? там проводка алюминиевая у который давным давно вышел срок годности .",0,1,0.51127607
"задание идёт с самого dmg mori , на конкурсе world skills такое оформление . не у нас составляли",0,1,0.5338839
"зачем эти продажные , жирнолысые хуемрази , когда есть такая фапабельная милфочка ? будет лучший президент за всю историю .",1,0,0.4840543
фотошоп - коричневого пятнышка на трусах нет,1,0,0.39899668
а не хочет ли он налог заплатить за использование природных ресурсов ?,0,1,0.72229874
"ну окей , парламент пусть будет , но как пыня будет влиять на ту кучу долбоебов в парламенте если он будет всего лишь одним из членов оного ?",1,0,0.2552776
"хуясе , адекват , даром что заднеприводный .",1,0,0.44120318
"паспорт тоже копировать , если имена разные ? лучше уж весь пакет документов передавать , на мой взгляд .",0,1,0.5154838
вообще - то маргинал русский национальный татарин .,1,0,0.48001304
"ну , если ты , необходимость деловой рабочий силы , с возможностью круглосуточной занятости называешь оптимизацией расходов , то тогда , по такой логике , можно и в рабовладельческий строй вернуться .",0,1,0.79976064
крымотред нарушает правила раздела т . к в нем нет обсуждения политики . свободное общение это в b . это тоже самое если я на доске о политике создам тред о том как плохо без тяночки . так что уебывайте в б или нвр со своим чатиком престарелых гомосеков !,1,0,0.26929677
"жертвовать здоровьем ради извращенца , ну нафиг . .",1,0,0.4082098
"колян никак не созреет , а созреет , так мамка заругает",1,0,0.23826036
у бабке на столе винтовочные патроны . трудно ей будет с пистолетом - то .,1,0,0.49293774
"чмони , чмохи и просто пидоры , я вам в очередной раз напоминаю , что чмоэстро проиграл суд первой инстанции олеже ссаколову .",1,0,0.42417133
"не уходи , или сдохнешь",1,0,0.4989965
"предлагаю пидарнуть bioware - трежд в фаг , а anthem оставить как есть .",1,0,0.36967593
"поверь , бизона стоит бояться . эта зверушка тебя запросто на отбивную пустит , не говоря уж об этих шавках , которых и человек голыми руками завалить может троих .",1,0,0.4525377
"внимание ! не следуйте совету выше чистить экраны спиртом или спиртосодержащим средством ! купите специальный спрей для экранов или салфетки , коих множество !",0,1,0.7397311
это про 10000 долларов от еспч ?,0,1,0.9154668
"а меня одного бесит , что эта гифка грузилась дофига еще и с подвисаниями ? надо что - то делать с гифками на сайте , уже которая бесит , а написать лень . но тут просто реально долго было",1,0,0.29326388
зафаршировать хуя . . . овощами перед этим надобно .,0,1,0.5777144
"мать серова была еврейкой по фамилии бергман и у отца в крови были евреи , его дед был каким - то еврейским путешественником или исследователем , не помню .",1,0,0.39260414
"вы растекаетесь по всей борде лишим вас загончика , чтобы это на самом деле стало правдой а ты хитер .",0,1,0.9091166
"беда в том , что полиции почему - то похуй на это быдлана он сам по себе довольно таки темный в плане дел с законом . не знаю , правда правое дело делает или там огромная крыша , но полиция так и не будет его трогать .",1,0,0.086984366
"пидорахен я салоед , ващет . там , где у критика лихие шутки на все случаи , у блядины - кликушество и хейтерство . у критика только беззубый детский американский юмор . у батикова тоже клоунады хватает , впрочем . пидорашке показали говно и палки через объектив дорогой камеры , и говно с палками тут же стало дорогим реквизитом . нихуя . понятно , что у блохеров реквизит плохенький будет , но у критика в роликах хуета хуже аниме - феста твоего города . пикрелейтед .",1,0,0.34312952
"а зачем люди себе покупают дорогое качественное авто ? ведь запорожец или жигули выполняют абсолютно ту же функцию , а их можно купить аж 6ть ! за те же деньги , правда круто ! сравнение понятно ?",0,1,0.6050529
"снег сойдет полностью хозяин найдется , он под деревом",0,1,0.73350316
"мог бы , я бы тебе сто минусов вьебал . . . кончита",1,0,0.29960793
"вы можете посмотреть , как меня активно минусуют за коменты , где я говорю , как обычный человек может себя отстоять . к сожалению , этот сайт и в тюрьмах бакланье читает , делайте выводы - каждый минус - это зассавший пацан ровный , который бздит под ответку попасть . на ганзе почитайте , там много интересного",1,0,0.30617452
главное сохраняет морду лица,1,0,0.42987445
на первой фотке похоже собачка не успела толком раскуриться .,0,1,0.51866686
"иди подрочи на своих негров , хамло нерусское .",1,0,0.33384898
"моя мать пенсионерка уже 10 лет . так что мимо , петушок сисянский .",1,0,0.3391727
фуры с тварями за рулем никак не передохнут ! ! ! всякий неуч и дебил идет работать шофером ( гордо ) ! !,1,0,0.4689141
"они смешные и милые унтерки , а стас как гоблин из падика себя ведёт и тем отталкивает . нахуй он вообще жизни начал всех учить , все же нормально было с техноблогом ? алсо кто бля вообще ( кроме пятиклассников ) смотрит убер - ежей ради интеллектуального контента , это ж стримы с рофлами под ужин или уборку , каким сверхразумом надо быть , чтобы это ещё и разъебывать .",1,0,0.36224654
"как же я ору со свободного рынка и добровольного обмена . светов , будучи типичным беззаботным мажором , видимо не слышал поговорку кто тонет нож подай , и за нож ухватится . педофил - миша никогда в своей жизни не был в такой ситуации , не чувствовал голод . ему оскорбительна сама мысль о несвободном обмене . а что самое уморительное , так это то , что анкапы как не могли привести пример добровольного обмена , так и не могут .",1,0,0.21896201
керум да рожаш . но меня не расстреляли ),1,0,0.05709451
"u zagori na izvoru rijeke ikole stala bra a da obrane na e domove , stoji hrvat do hrvata , mi smo bra a svi ne ete u avoglave dok smo ivi mi",0,1,0.5864197
"у меня тоже всю жизнь коты , но здоровье ты не вернёшь и вот стоит оно того ?",0,1,0.7214983
какой гейт отъехал ? текст автора внимательно читаем и не тупим,0,1,0.6601153
родину ? боты ничего кроме подмены понятий не могу . речь идет о неадеквате который запрещает всё и вся . позже в китае даже запретили фильм кристофер робин .,1,0,0.34692743
"я типа защитник зоо . ты прав , собаки гавкают , пытаются укусить когда спиной . меня кусала так стайная собака . но я сам решил сократить дорогу через брошенную стоянку железнодорожников . с тех пор я не лезу в такие места и не поворачиваюсь к таким собака спиной . если надо пройти такое место я тщательно взвешиваю свои силы , если вижу собаки не крупные полно камней и мне желательно срезать - пройду . если собаки крупные , много их и подручного хлама нет - я не пойду . простые правила и меня с тех пор больше не кусали собаки . обычно собаки просто охраняют территорию . причем та же гавкаюшая стая обычно агрессивна на своей территории и труслива на чужой . бывают , когда собаки с голодухи пытаются охотиться . обычно это в зимнее время , когда жрать нечего . с понимаем отношусь к ним , но естественно охоты на людей быть не должно . значит этих собак нужно изымать из свободного обитания . как это должно работать ? 1 . заметили новую стаю собак у себя - звонок в полицию , в службу отлова . собак централизованно , законно ловят и увозят в питомники . если появилась собака , которая проявляет агрессию , хоть немного погавкала - звонок . но я никак не могу одобрить действия ублюдков , которые давят животных и хвастаются этим , убивают всех собак подряд , разбрасывают отраву .",1,0,0.3462178
щищенцы на аналогичном видосе хотели заставить такого барыгу сожрать его товар . по - моему это лучшее решение .,1,0,0.41519937
евгений николаевич . бросьте эту старую проститутку и записывайте нормальное виднюео уже,1,0,0.40785098
"блять , с посадкой на бутылку и чечнёй это уже пиздец какой - то . в чём прикол , объясните ? тверк или усы гитлера это ещё можно понять , а эта хуйня какие эмоции должна вызывать ? ? ?",1,0,0.41221553
"не смешите меня , даже на самой населенной трассе москва - петербург пассажирооборот 3 , 6 миллиона человек в год . где вы найдете этих туристов ? во - вторых , эти поезда не будут останавливаться в этих городках , это бессмыслица . и это города ничего не получат от нее , кроме перекрытых за полчаса дорог . и забора вдоль нее",1,0,0.20218043
"там сидят отбитые дебилы , которые уже 500 тредов шутят про одно и тоже из треда в тред и живут в своём манямирке где они придумали то , что мэд их читает и плачет по ночам и вообще они разъебывают всех .",1,0,0.2884117
"тебя бы в первых рядах на эту войну погнали , дурик . потом кричал бы в объектив камеры: не хочу умирать ! отпустите - вы же добрые !",1,0,0.30328283
"пиздабол . баб немало в гей - клубах - внезапно они ходят туда просто пообщатся и потанцевать с подружками . а самое главное , к ним там точно никто приставать не будет . выгодно . мимо по настоящему работаю в гей - клубе",1,0,0.2848524
"никаких паразитов нет , делали укол ( не помню название ) от паразитов ( вет когда сделал , сказал на всякий случай )",1,0,0.17097619
"наличие долбоебов без критического мышления никак не влияет на контент евгена . более того , адекватность подписоты обратно пропорциональна кол - ву .",1,0,0.3769298
ну и как теперь без звоночков жить снова ? !,0,1,0.79345727
"создал тут тхреад в b 192441781 как оказалось , лгбт пропаганда в б кажется унылой и слишком обильной не только мне . как насчёт пидорнуть все гее би треды из b в ga ? хуле они тут у себя филиал открыли ? заебали притеснять натуралов . давайте я поясню . пидоротреды унылы и неприятны , и их крайне много . это заебало . если куклоебов и пониебоы пидорнули , почему пидоров нельзя пидорнуть ? пониебы всех заебали - их пидорнули куклоебы всех заебали - их пидорнули пидоротреды заебали меня , я интересуюсь , сколько ещё анонов заебались их видить нонстоп 24 7 на главной . если нас будет много - можно и пидорнуть , я считаю . для них есть целый раздел , или 2 - 3 даже . но все равно постоянно это лезет на главную в b . доколе ?",1,0,0.43267867
"посмотри любой мотиватор к богатству там говорят не бойтесь рисковать ставьте на кон все что есть и разбогатеете , родители мажора не зассали поставить на кон свою свободу или деньги или свои дырочки не знаю что бы попытаться поднять пару лям и их вложить в бизнес в идеале пассивный и богатеть , а еще тупорылые держат деньги под матросом и их съедает инфляция , ( пример на 1000 руб мог купить 1000 жваче , а через месяц на те же 1000 руб только 960 штук почему ? потому что 4 в месяц инфляция ) и богатые деньги держат в работе что бы они работали банковский влад в рашке особенно хуйня выйгрыш только 1 или 3 в иделе , что мало ведь в рф в среднем процент по вкладам 8 - 4 инфляции в год после 4 годовых чистыми - 1 с натекшего как налог и комиссии 3 дохода годовых в идеале пример 1 000 000 вклада под 3 годовых это набежит всего 30 000 руб за год блядь , или 2 500 в месяц , ахахаха кароче банковские вклады хуйня купи на 1 000 000 руб флешек с китая по 100 руб за штуку и продай за 500 рублей и того 5 000 000 руб чистыми с этого дела или 416 666 руб в месяц или 13 888 в день , ты можешь так стать олигархом тоже епта .",1,0,0.42380333
для решения данного проблемы использовал мамины спицы для вязания . мне было 3 года . вовремя поймали .,0,1,0.5031929
"пиздец , озонизация прогрессирует",1,0,0.45875874
детей - инвалидов уродами ну а где она не права - то ? земля наша не резиновая .,1,0,0.4653932
"скучаю по временам , когда подсосы алекса пыни не обвиняли его беспруфно в совкодрочерстве и не засирали инторнет своей тупостью",1,0,0.41383255
"речь не про фильм , смотрел этот трэш . реально проводился эксперимент . давно читал об этом .",0,1,0.5301464
"так не ноль , а нуль . так как математику подменили , осмелюсь предположить , что в системе счёта древних русов , нуль - это не то же самое , что и ноль мимо",1,0,0.17667486
идентифицируют правильно,0,1,0.5700955
"та шо там хаварить , скатился пожилая скумбрия . маска все чаще слетает . раньше был нормальным а сейчас стал натуралом . ой то есть хеем .",1,0,0.42842036
фотографии президента рф в фашистской форме когда не нужна даже фамилия . царь он и есть царь .,1,0,0.14854477
"того , что он продажный , кстати , никогда особо он и не отрицал , но вот про пиздабольство это да",1,0,0.25367922
то на них пьяное быдло просто так напало и они его убили пьяное быдло плиз,0,1,0.73408026
помню у выжигателей мозгов нам от долга сильно досталось . . .,1,0,0.46112606
"хм , спасибо за наводку .",0,1,0.50643
"т . е . приветствовали нарушение установленных показателей по производству , добыче и т . п . ? откуда брали сырье для сверхплановой продукции ? институт госплана работал годами , учитывая все нюансы производств , делали планы , а все их нарушали и за это еще и получали поощрения ? я пытаюсь просто понять смысл . ну сделал ты миллион лишних гаек - зачем и кому они нужны , их некуда девать , их использование не запланировано . но ты передовик и слава тебе ? быстрее работаешь , хорошо . нарушаешь регламент производства , наверняка тб . зачем ?",0,1,0.68906116
крупнейший провайдер австралии заблокировал мировая практика как бы,0,1,0.67977643
"квинтэссенция человеконенавистничества в этих словах ротшильда . и после этого ещё некоторые не верят , что капитал есть источник фашизма . тупые люди не смогут стать богатыми , а умные смогут . ага , поэтому давайте сильно затрудним доступ к образованию , а то образование , что есть и без которого не обойтись , сделаем максимально узкоспециализированным , что бы человек сразу превращался в тупого , сделав лишь шаг в сторону от своей специализации . тогда можно будет бесконечно долго жить припеваючи , присваивая результаты труда этих людей . тупые всегда в итоге будут работать на умных . это скользкая дорожка: тупые не смогут поддерживать общественное производство , а умные могут начать соображать , что к чему . поэтому в итоге подобная система развалится , в один прекрасный день , как песочный замок . но водить за нос трудовой народ они могут еще долго .",1,0,0.16543682
"вещей нет , сама на иждивении мужа нахожусь ! пятое - десятое ! нет ли у вас какого - нибудь дурака на примете ?",0,1,0.6080919
прикольный чувак имхо . флешмоб с проститутками доставил .,1,0,0.34177545
"поймал а теперь становись на колени , тарас . будем тебе в пятак письками тыкать .",1,0,0.3697355
но тот мерзкий но тот слился фикс,1,0,0.3955043
косметика или косметическая операция ?,0,1,0.78579885
", оскорбление пользователя пикабу .",0,1,0.5819552
подписи к фото были бы ещё . . .,0,1,0.51324576
"ну если фейковые и недостоверные новости для тебя это источник всех твоих доводов , то вопросов нет . пиши и дальше подобные посты",1,0,0.29346603
так себе вариант работать бесплатно . жрать же что - то нужно,0,1,0.6501641
ну они будут писать отказы от госпитализации лечения .,0,1,0.64089566
"совершенно очевидная слабость ольгино из фбк они никогда не смогут поверить и даже допустить своё собственное существование . они всегда будут доказывать что их не существует , а кто верит в них тот дурак .",1,0,0.2999187
"я так пишу потому что делаю это с телефона . и ради кого тут собственно редактурой заниматься ? судя по тому что аргументация у тебя скатилась к передергиванию , считаю что твой интеллект в этом споре себя исчерпал , мальчик .",1,0,0.34132022
"купил электро бритву от филипс , бреюсь без воды , кремов и всякой этой херни . забыл что такое покупать лезвия каждый месяц и остальные расходники .",0,1,0.55279565
имеет . а причем тут говно - очки ? для красного словца видать .,1,0,0.276393
лучше чем последний полет валеры и прощальный монолог с мишей треч контент ещё не выдавал .,0,1,0.52801406
"два великовозрастных долбоеба приняли ислам именно в этой мечети . мамка - шлюха и куколд - отчим с этим не смогли ничего сделать , и дебилы отправились в запрещенное в россии террористическое государство . там , посредством роботизированного средства доставки демократии они вновь приняли ислам , теперь уже по настоящему .",1,0,0.32544956
"некуда бежать . бомбардировка пфорцхайма показала , что любой город и любой дом там могут быть объявлены военной целью .",0,1,0.58751726
"ну давай разберём всё тобой написанное . бляядь , вы действительно думаете вы лучше пидорашек ? ну в целом , всё что живёт в рашке - затронуто говномидасом , но никто тут это не признает . сейчас воспитывают массу хороших кодеров в соседнем треде обоссали уже . иди обтекай . вы унижаете русских детей в школе я учился в рашке и у нас был класс , который состоял онли из русачков . думаешь , что то изменилось ? чурки тебе говна в жопу залили и заставили русачков в классе кошмарить омежных русачков ? я не люблю выражаться фразами нациков , но вы воистину столетия просто сидели в горах и ебали баранов , вас даже народ - пидор смог захватить . плоховато ты знаешь историю . когда русня пришла на кавказ , тут всё уже было поделено османами и персами . а потом ри наебала персов и постоянно нападала на османов высасывая причины из пальца , в принципе , русачки , что от них ещё было ожидать . в прошлом вы ( чеченцы , даги и прочие сорта ) были просто дикарями . . . а если говорить о среднеазиатах , которые бугуртят с оккупации , то вы были обычными нищими кочевниками очередной акт незнания истории . например у кавказцев по факту у народов отвественных за этногенез дагов и азеров уже был дербент , а русачков даже в планах не было . почитай историю кавказа и средней азии , там были и локальные империи и нагибы округи и прочее и прочее . называют русских пидорашками , славщитом . говоришь это так , будто бы в этом что то плохое . у меня знакомые po рашеры irl , которые являются русскими и которые ссут на русню с ещё большей колокольни чем я сейчас вас все боятся потому , что если пидорашка сделает в вас пару дырок , защищая себя , то его посадят на бутылку , а если вы убьёте пидорашку , то вам нихуя не будет . может потому что в рашке мочить с волыны ножа человека , который идёт на тебя с кулаками - превышение пределов самообороны ? кто виноват в том , что русня настолько вырожденческая , что один чеченский доходяга ставит на колени группу русачков ? ты думаешь , будь руснявая гопота менее вырожденческая , то так же людей не кошмарила ? кто виноват , что вы морозитесь или даёте по съебатору , когда видите , как вашего славянского друга избивают унижают ? да чего уж там , тот митинг вспомните , где жирик , какого то парня на колени поставил и все вокруг стоят и снимают , словно стадо руснявых баранов . зуб даю , в той толпе стояли его друзья и знакомые . лично для меня это пиздец , особенно проигрываю , когда там не какой нибудь братуха - борцуха , а смарчёк чеченский . никогда бы не бросил и не бросал друга в таком пиздеце и не важно , какой нации был друг , а какой нападавший . вся ваша проблема не том , что вы слабками , не в том , что большинство русачков еблом похож на свинью , не в том , что за тысячу лет существования не смогли построить нормальную цивилизацию и другим не давали . проблема в обыкновенной ошибке выжившего , вы видите кавказское быдло гопника , потому что оно в среднем сильнее , напористее , агрессивнее и образ кавказца , как лица которое представляет опасность выжигается у вас в мозгах , при этом не хотите замечать , что у вас , целые города набитые руснявыми ауешниками , потому что один среднестатистический руснявый гопник ауешник быдлойд сосёт у одного среднестатистического чуркобесского гопника быдлойда . в конечном итоге русачков в станице кущевской ебал кто ? другие русачки . в школу приезжали и выберали лолей на поёбку кто ? другие русачки . сжигал русачков кто ? другие русачки . всё вскрылось совершенно случайно . сколько таких станиц , деревень и городов по всей рашке ? аз - кун",1,0,0.2754785
цитата . . . а негодные - могут в тылу работать .,1,0,0.12995036
"о да , это она ! спасибо огромное !",0,1,0.6328592
"кто за рулем то , че съябывал ?",1,0,0.37177923
почему он перестал делать звонки ? можно ли сейчас заказать звонок ?,0,1,0.70042735
"вот поэтому они и снижают , а оптоволокно тоже тянут , но вообще немыслимые цены - из расчёта 25 тыщ за 100 метров столбы . и тут все на адсл сидят , а так тут всех не устраивает скорость ( у кого 2 - 3 мбит ) , только никто не обращается .",0,1,0.5420263
"надень маску . ну одень на лицо уже маску ! надели маску , одели на лицо что - то . боюсь представить где есть этому опровержение . это же доходчиво . паспорт кладется , снег ложится . почему вы упертые такие бываете ?",1,0,0.3958007
"тебя , видать , никогда голодная стая не подкарауливала . ну - ну , всему свое время , мой юный наивный и пока ещё целый друг .",1,0,0.4748448
"антисоветских достаточно . и вы так говорите , как будто это что - то плохое . слава богу , ваш проклятый совок закончился . сейчас ваш хозяин ворошит эту тему вашими руками , но второй совок ему не построить . и либеральных тоже . да , я либерал , по - вашему - либераст ( как будто ваши инвективные искажения слов исказят их смысл , надейтесь дальше ) . я рожден свободным . кто - то выбирает лизание сапог хозяину , это их право , тоже вариант свободы . что же касается русофобии - это просто ваша манипуляция . безграничная любовь к начальству , поклонение жестоким демиургам туманного прошлого , боязнь свободы и привычка к стойлу и узде - это не обязательные черты русского характера , и если они кому - то не присущи - не обязательно это русофоб .",1,0,0.1765809
"давайте думать логически . когда этот чувак придумал прививки , народ уже болел . то есть прививка действует не только заранее . так что если вдруг наступит пипец - пойдём и привьёмся . а пока ну его нах прививать себе под шумок бесплодие , вич и рак .",1,0,0.4071307
"да у любого среднего монитора цветопередача будет лучше , чем у телевизора",0,1,0.63872236
традиционный гей - четверг . делаем пузыри с рыбами в космосе .,1,0,0.23256786
"шульман конечно та ещё оппозиция , женщина она , откровенно говоря глуповатая но каким образом это отменяет то , что его хрюкейшество порось , конферансье со средним образованием , хамло и украинское быдло , живущее за счет папаши мелкого жулика ?",1,0,0.4025987
"а зачем рожать ( или родиться ) , если может вырасти долбоёб ?",1,0,0.21235335
"чтобы пойти в мужскую пизду , нажмите три , чтобы пойти на хуй трапа нажмите 4",1,0,0.48509756
суть: росстат политизирован на 200 и выдаёт новости какие надо первому каналу а какие ты новости то хотел ? независимых сми здесь нет . . . что скажут - то и вещают . демократия епт,0,1,0.90353805
это я уже свои приоритеты ставлю . вес начал набирать когда днем спал дополнительно . 8 часов для меня мало . жрал я очень много .,0,1,0.592441
"ну это зависит от человека . выбор есть , можно работать в 30 ( ну уж 60 , максимум ) минут от подъезда до входных дверей офиса примерно за ту же зп . просто у нас многие работают за зарплату уровня 30 - 40 тыщ на другой окраине москвы , при этом не ценят своё время которое можно было посвятить на саморазвитие или подработку уж .",0,1,0.620903
"у моего коллеги на работе , все ещё намного проще , его безработная жена просто забрала у него зарплатную карточку , благо он не всю зарплату на неё получает .",0,1,0.5185532
"что педофилы католики , алчные до анусов мальчиков , что православные попы воры , алчные до богатств , что муслимы и жиды , буддисты , и другие азиатские обезьяны , приверженцы прочих обезьяних верований - всё одна шайка лейка , подлежащая полному уничтожению .",1,0,0.45240623
файжжжжжжжжжжжжжжжжжжжжжжжжжжжжжжжжжжжжжж . жжжжжжжжжжжжжжжжжжжжжжжжжжжжжжжжжжжжэзш . х не,0,1,0.9578454
"да гомофобам плевать на достоверность , на пруфы , там - то мозга нет по определению , лол )",1,0,0.2329308
"ага , ебёшься с девушкой , а вокруг тебя ещё куча людей ебётся",0,1,0.858244
"да вроде также делаю , спасибо ! !",0,1,0.80464375
"не , про засекречивание имущества нармас новость",0,1,0.55098367
"хорошо , но потом все равно сжечь ведьму",1,0,0.16354468
"я всегда говорил , что пидорахи плохо понимают как выглядят типо европейские лица , на которые русня дрочат . привыкши жить среди орков со светлыми волосами и глазами они воспринимают только таких орков с приплюснутой гловой и свинной рожей как своих , если у кого либо европейское лицо , развитая челюсть и т . п но темные волосы , то к нему относятся с подозрением баба эта похожа на марлона брандо .",1,0,0.4082353
подустал браток . . . ностальгирующий критик тупой мудак .,1,0,0.40253657
с каких пор гомосексуалы и трансгендеры - это одно и то же ?,1,0,0.3071288
жаль второй сезон всосный всё равно,0,1,0.7647306
"в столице украинское быдло , а это именно быдло , тупое и полное шовинизма , поддерживает по старой памяти советская многонациональная интеллигенция . особенно евреи . а среди националистов за украину как раз гитлердрочеры со средним образованием с рабочих окраин , а против: паства егорки , где каждый второй с двумя высшими , куча народа живет за рубежом , а некоторые как карлин и ролло из националистических убеждений переезжают с запада в рф . но в последнее время все меньше и меньше идиотов среди националистов поддерживают украинцев . егорка победил .",1,0,0.21306597
а соседи - то чем достали ? собака лаяла ?,1,0,0.3191783
"не то , чтобы раздражают . . это как при задержании: всё что ты скажешь , будет обращено против тебя . дамочки знают о моём статусе , пробили мои возможности , но тем не менее , посягаются на святое в локальной морали - на семью . 1 . вопрос - с какой целью ? реально цели бывают разными , не всегда итог: создать ячейку вот именно с этим представителем . . если интересуются , как человеком с твоим внутренним миром и прочим - сразу отказ . иначе затянет , придётся выкручиваться . если решить что - то , или разбить семью - ну . . могу поиграть , пойти на встречу . переспать ? - легко , но вот продолжения не будет . естественно , за то , что воспользовался тем , что предложили - требует оплаты . мыж в век рынка живём . если пытаются крутить - резкий разрыв любых отношений . я то перед молодой женой - в любом случае оправдаюсь , да и нет такой доказательной базы . а вот хитровыдуманной может быть худо . в то , что девушку на 20 лет моложе меня может заинтересовать моё тело , или , скажем , навыки секса , я не верю . и даже если это будет так - сразу 1 пункт , не дай бог привяжусь к такой извращенке . одна есть уже . но , если я вдруг и привяжусь - буду часть того , что имею отдавать . за всё нужно платить . хотя я за разовые акции , а не за долговременные обязательства . теперь про ресурсы . в первом браке я был монахом . ни ни . мораль не давала , хотя бабло и возможности были уже тогда . когда встретил настоящую жену - всё было вообще шикарно , чтоб не тормозить на ней . но привязался к ней . и кобелить , мне в жопе шила нет . просто , как вы точно заметили - сам внимание привлекаешь . ну , раз - два в год кто - то и решается . приходится принимать решение . короче - я плачу , значит и музыку в отношениях заказываю я . а вот один из моих помощников 19 лет - спортсмен , красавец , язык подвешен , гроза девчонок - он сразу себя вёл , как я сейчас . ну так и ресурсы у него сразу были . природные . извиняюсь , за сумбур , возможно не ответил чётко . но на медовую ловушку я уже пойман . остальные женщины - только тела . с проблемами , но без души . для меня .",1,0,0.20957254
у них с логикой как раз все в порядке .,1,0,0.111101314
"ответь лучше , почему коммибляди так пиарят кровавое воскресенье ? ну да , расстреляли пару десятков шариковых , но это же блядь капля в море по сравнению с тем что устроили сами совки при красном терроре или при сталине .",1,0,0.19896582
и это великая нация . . . грустно,1,0,0.16776045
"да , причём в комментах , группе его поддерживают поголовно и далеко не только быдло",1,0,0.42359152
"ага , они тоже плоские , как и земля и солнце и луна . . . , - стрельнул пукан у сами знаете кого",1,0,0.38840786
и тебя чмоки что на 23 февраля получил ?,1,0,0.37576035
"мань , я бывал в сша и свои фантазии оставь при себе .",1,0,0.14955507
вот что крест гекзаметр животворящий делает !,0,1,0.5321525
такое ощущение что сеть просто искажает готовые фото .,0,1,0.66403836
"защита от химки , яо и противотанковых средств это явно не от народа , дурачка та не включай тут как бы фиделя вспомнить , учитывая врагов , защита лишней не бывает . . .",1,0,0.3380117
"я помню ещё один из ранних проектов нифедова , эх были времена . 11 - 12 год .",0,1,0.51236004
другие питерские такой хуйней не занимаются . у академега на втором контент часто даже лучше основного бывает . помню как все порвались с этого видео,0,1,0.5191331
какой - то лысый интерес у тебя (,1,0,0.09890475
"но ведь когда одевают такой лифчик внешний мир нагревается меньше , т . е . всё таки охлаждается . . .",0,1,0.5601434
"педики еще и называют других педиками , фу бля . забавный форс ( нет )",1,0,0.25472313
"а вообще чувак гений , просто подумайте , даже если бы она сказала ок давай расставаться , он бы избежал как минимум неловкой ситуации . ну или в худшем случаи 5 - 10 лет жизни не потратил бы на нее .",1,0,0.27314326
вроде же к 14ф обещали . опять сроки перенесли ?,0,1,0.7000034
"пиздос , высрали двух балерин на чемпионат мира , и обе хачёвки . русских не было , что ли ?",1,0,0.4710849
"кто придумал чистить снег на мембранной кровле ? у вас неконтролируемый позыв чистить везде снег ? а так хорошо все сэкономили . дешёвый проект , нафиг технадзор , подрядчик подешевле . всё правильно сделали .",0,1,0.5295102
"конечно , конечно ! ты прав ! ой , какой я тупой . . . извините , больше не позволю высказывать свое мнение , и свои знания . как недальновидно - то . . .",0,1,0.83530635
почему от тебя так смердит впарашей ?,1,0,0.18078203
всем похуй на пидорашью боль . вы - никто даже в виртуальном пространстве .,1,0,0.36290893
и мозги тоже шкребёт ),1,0,0.2033313
"шшшшшш , тш тш тш тшшшш , спокойно , всё хорошо , я прикалываюсь ; - ) грамматик доминатус !",1,0,0.35268846
"если это бабы - борцуны за равноправие , то зачем они выглядят - как мужчины ? они уподобились своим угнетателям ?",1,0,0.20363028
"это какими же дебилами нужно быть , чтобы пускать тяжеленые , гружёные пидорахами и грузами поезда по крымскому мосту . железнодорожная часть моста хоть и стоит отдельно , но очень рядом с автодорожной частью , и когда он начнёт нахуй проваливаться в морскую пучину , а он начнёт , это совсем не благоприятно отразится и на автодорожной части моста . нет бы тупо гонять легковушки и небольшие грузовички по авто мосту , а грузы на здоровенных баржах , как все белые люди , благо расстояние от полуострова до материка совсем крошечное , но нет , воровская русня и жидовня в правительстве не знает меры . туристы из рашки с удовольствием посещают русский крым на автомобиле или самолёте - кто побогаче , любители морских прогулок плавают на корабликах , но вот поезда с дикими пидорахами бюджетниками - совковый пережиток прошлого , когда со всего ссср ( совка ) , гнали переполненные украинскими , русскими и прочими пидорашками поезда , это совдепия , такого не должно быть , и железнодорожная часть большая ошибка . чтож , тем сильнее будет обсёр . русский , гражданин россии , крым - россия .",1,0,0.24534895
"запись лекции будет ? в прошлый раз , я помню , какой - то анон сюда скидывал лекцию про италию .",1,0,0.4005485
норм . все топливо да топливо .,0,1,0.62939936
"это как заказывать проститутку похожую на бывшую , а потом выебать её рыдать ей в жилетку и рассказывать о своей бабе .",1,0,0.2723588
"ну не , у тебя бомбит от того что богатые люди деньги на кокс и шлюх тратят и еще что - то там эппл говна в жопы заливает , видимо заставляет нищих ниггеров покупать свою продукцию и оббирает до нитки . ты же просто социалист , который понял что планчик не работает , но который все равно хочет зарегулировать , обложить налогами , залезть каждому в карман и указывать на что тратить деньги , а потом обосраться и получить венесуэлу недоумевая от зарплат как в африке и вереща на плохого барина . расовый состав погибших детей пожалуйста .",1,0,0.47298256
"есть кабинет дежурного врача , куда можно попасть через общий вход . и к дежурному врачу можно прийти только первый раз . потом ты обязан идти к педиатру , но все же знают , что только что переболевший человек ещё 3 - 5 дней ( плюс минус ) может заразить другого . у меня вопрос не к родителям , все мамы и папы хотят только здоровья для своих детей . вопрос к администрации поликлиники , которая не доводит до этих самых родителей правила приёма и их измннение .",0,1,0.5035014
"конечно , это я рвусь и засираю тред своими шизоидными пастами . очевидно это я испытываю батхерт от успешности нестермана .",1,0,0.3381448
не сказать . многие гражданским браком называют сожительство . из той же серии .,0,1,0.58538944
"видимо действительно дебил , в 8 лет физиология ещё не работает , чтобы трахать кого - то . разве что фаллоимитатором , но кто его продаст восьмилетнему ?",1,0,0.25408918
"после одного накипело ? выпей седативного , сходи к психиатру . когда будешь с другой стороны - вспомни свои слова . . а то приходят , сразу хочу хорошую зарплату , вот моё резюме , в нем всё красиво . на втором вопросе спрашивают , как им лучше подготовиться на следующий раз , и получают ответ: начните с 5 - 6 класса школы . некоторым лучше начать сразу с рождения , интеллект там и не ночевал .",1,0,0.3042688
"даже загадывать кого в расход пустят страшно . . . пишу , а сердечко нет нет да и попримолкнет . . .",1,0,0.086184874
"проверим ватоадмина хамство чек , постоянно перебивает гостей стримов чсв чек , просто в каждой бочке затычка любовь ходить в гости без приглашения наверняка любит , но из - за вежливости не ходит . ватность в терминальной стадии ну тут и говорить не о чем . всё сходится .",1,0,0.15603513
ты ещё проо диван в фитнес - центре вспомни,0,1,0.8709776
"я бы нашел ту тварь , написал бы ей деликатно что со стороны юриспруденции она совершила критическую ошибку . . и доебывал ее до тех пор пока она сука не взвыла , методов много . .",1,0,0.47481048
потому что он гомогеев убивал .,0,1,0.6986709
"как я понимаю , у поверхностей отражаемость поглощаемость разная . типо нельзя прям до градусов температуру разных материалов сравнивать .",0,1,0.6521721
нехуй было кировлес воровать .,1,0,0.25109226
"что толстого , тупая промытка ? скины не все заукраинские . речь о малой части самых тупых и внушаемых .",1,0,0.36926436
"а я то думал глупый в той песне главное было голос и слова цоя , а оно воно как скрипки , блять , не хватало . . . и хуй пойми какого - то ансамбля",1,0,0.36393782
"зачем так хрюкаешь . расскажи лучше , у вас знают про веганов или вы только свинной жир употребляете ? вы же европа , на словах , но чет чувствую совковую пидорашку в тебе .",1,0,0.33308268
"чуваку будет кабзда 99 . 9 , не удивлюсь если за рулём будет хаченыш из рашки , свои там уже научены что против полиции лучше не идти , лучше остановиться и руки на капот чем тягаться с полицией , ведь все равно теперь поймают и покажут что ничем он от простого мешка мяса не отличается .",1,0,0.41833034
"аккреция , как же аккреция ?",0,1,0.7285393
"похоже на мох , что в тундре у нас растет . называют ягель . им олени питаются",1,0,0.39859653
"какой у тебя мусор в голове . сисян либерален , но в чем его русофобия ? вся оппозиция бэдконины заключается в том что эта власть сейчас вместо совка . ну и то что минкульт бабло на фильмы выдает . все , больше ничего оппозиционного .",1,0,0.13176675
"житель киева в результате неосторожного обращения с огнестрельным оружием выстрелил собственной матери в живот . спустя несколько дней женщина скончалась в больнице . фигуранту данного дела грозит до 5 лет лишения свободы . об этом сообщила пресс - служба нацполиции киева во вторник , 19 март . отмечается , что в дежурную часть деснянского управления полиции поступил вызов об огнестрельном ранении на проспекте владимира маяковского . на вызов немедленно прибыли экипажи патрульных и следственно - оперативная группа управления полиции . по словам начальника деснянского управления полиции александра косовского , на месте правоохранители выяснили , что 36 - летний мужчина случайно выстрелил из револьвера под патрон флобера и ранил мать в живот . киевлянин длительное время пьянствовал , из - за этого между ним и матерью возникали конфликты . в тот день ссора закончилась госпитализацией 68 - летней потерпевшей в больницу . через неделю из медицинского учреждения мы получили сообщение о смерти женщины . в ходе получения дополнительных материалов следователи переквалифицировали уголовное производство из неосторожного тяжкого телесного повреждения на убийство по неосторожности , говорится в сообщении . следователем следственного отдела деснянского управления полиции мужчине объявлено о подозрении в совершении преступления , предусмотренного ст . 119 ( убийство по неосторожности ) уголовного кодекса украины . санкция статьи предусматривает до пяти лет лишения свободы .",1,0,0.27389067
"дружище , спасибо большое ! билеты куплены .",0,1,0.78315973
может он донаты на похороны бабке собирает ?,0,1,0.7552607
"очень даже тепло , особенно про космос !",0,1,0.7646176
кстати сейчас цех запускаем как раз с стх310 и стх510 . неплохие станки .,0,1,0.7097826
"если что - то выглядит как лахта , гавкает как лахта и дергает себе анус как лахта , зачем искать под кроватью шизиков , это по факту лахта и есть .",1,0,0.22476381
"возможно , ты красивая",0,1,0.9585606
"ты не веришь в существование статьи о изувере ссаколове уже ? электронная версия на сайте московского свиномольца точно есть . но что толку ? в газете оно есть прям отсканированное с подписями и печатями ? неси , посмотрим . почему в полиции само заявление гуру не попытался достать - не знаю , возможно , без суда , инициированного студенткой , это не имеет большого смысла , и деанонимизировало бы ее . настало время обоготельных историй . жпг да , пустые слова на анонимной доске - это очень серьёзный аргумент . верую !",1,0,0.47262046
"даже десятков лет . там толщина металла ояебу , да и сам металл неплохой должен быть .",0,1,0.7215868
"подъехал на своей машине к месту , освобождаешь нужное тебе место от арендной машины , загоняешь на её место свою , а уже потом отгоняешь арендную машину куда подальше .",1,0,0.33603874
главное не забывать сравнивать россию с сша или европой при обсуждении проблем россии .,0,1,0.7468718
"спокойным и положительным бабам нужен адреналин , поэтому они выбирают орангутангов , потому как они же сильные и безбашенные , и смогут защитить потомство , это на уровне инстинктов , но когда он её начинает пиздить почем зря , тогда она начинает понимать , да и то не всегда , бьет значит любит . . в борьбе разума и инстинктов побеждает . . .",1,0,0.19528607
"моя так хвост лизала , только она была не после операции . оказалось нервное , пропили успокоительные и все норм . может и у вашей так же ? перенервничала после операции , и лижет ?",1,0,0.42377865
зато он мог выйти из машины не отцепляя регика,0,1,0.62008613
"построить такое на московских грунтах , вряд ли было возможно .",0,1,0.5736295
зашёл в тред пидорнутых . ебать их там шиза пидорасит . и это слили толстого почти ноунейм - пиздюка в интернете . теперь не удивляюсь почему куча старого советского мяса до сих так топит за сралина . какой же у казимирко был пидорский фандом пиздос . хуже чем у доктора кто .,1,0,0.4908697
"не зря парень не дурак , видимо уже всё дальше терпеть эту хуйню больше не возможности . . . завидую . . . хоть поживёт нормально",1,0,0.4975279
"выпь , заку , и бабу тра .",1,0,0.42411205
форма сосков прикольная . мне такие нравятся,0,1,0.661709
"это обезьяна из азиатского зоопарка , я угадал ? )",1,0,0.1773536
"какой же вчера был охуенный эфир невзоровских сред , глебыч жег адским пламенем , давно он такой годноты не выдавал .",0,1,0.6363352
"дак вот именно , потому и псевдоинтеллектуал",1,0,0.48214948
"как интересно хуемрази описали ситуацию , а то что хуемразь разбила автомобиль , уголовное дело возбудят ?",0,1,0.54952556
"если бы твой пост читал ебжен , он бы назвал тебя дешёвкой , швалью , чернью и приматом с архаичным мозгом . ведь кем ещё надо быть , чтобы не знать драматурга , по пьесе которого величайший режиссёр современности поставил свой нашумевший спектакль немецкая сага , с премьеры которого , как все знают , вынесли двух уснувших зрительниц . гуру практически при нем называет его блядью и вы будете дальше утверждать , что там не постанова , как в реслинге ? теперь ясно , почему современное тв - говно . гуру жертвует ради исторической правды , ради нас , здоровьем , сидит за столом и жрёт . а серёжа копипастит солонина , резуна и галковского для будущей маняграфии . со стихами у нас всегда норм было . в отличие от . с каким чебурашкой ? так оно и так мотивированное . куда уже больше ? которых не было . а карелиянаша в 1918 - 1922гг . - тоже выдумки традблядков ? фрагменты автобиографии последней монографии читал они такие интересные , что ты их целиком не смог осилить ? фильмы он какие - то снимал ты даже не помнишь их названий . но видели лишь избранные . т . е . говоря прямо: эти фильмы - никому не нужное говно ? может быть , на грани . понасю это расскажи . вообще , творчество ( art ) - это не только то , что нравится тебе и это ему тоже скажи . никакой грязной подноготной , кроме своей и своих рецензентов , он не раскрыл . а то , что сахаров - говно , и без него знали .",1,0,0.38481894
kerbal space programm .,0,1,0.74610305
удачи ! не надо бояться . народ там очень дружелюбный,0,1,0.61352545
"у нас товарищ перед роддомом барана зарезал . потом когда пересуды начались , он такой - ссори , забыл что жертву надо было в более уедененном месте приносить , да . . .",1,0,0.39695236
они самые вкусные :3 gifx,0,1,0.70245844
"автор , до чего же ваш котик красив !",0,1,0.6804732
"здравствуйте , о каком минусе вы ведёте речь ?",0,1,0.58235276
"подводные лодки будут не нужны , наши славные ракеты из любой точки нашей великой родины достанут до всех супостатов . скорее бы ! ! !",0,1,0.683019
смотрите кокой я грозный пынявый лох и как я своими титиническими легкими мощно задуваю в сочную американскую залупу .,1,0,0.4009151
как где ? у директора жкх,0,1,0.70950323
т9 однако с кронштадтом также путаюсь,0,1,0.66402185
"девушка , вы не в себе ? кто мы облажались ? причем тут я и кто - то ? кто должен настучать мне по голове ? я просто увидел , что люди которые яро рвут на себе рубаху в комментах нихрена не знаю своей собственной истории . и рассказал об этом . но если бы вы еще умели слушать , помимо того , как изливать свои мысли . слово оккупант имеет резко негативную коннотацию в любом языке да ? тогда объясните мне , почему в сша есть медаль за службу в оккупационной армии ? это типа такая медаль позора наверное . её вручали чтобы гнобить человека . или всё таки нет ? именно поэтому из гсвг через какое - то время убрали о . да ? а я то думал это было связано с созданием гдр . вы такие глупости говорите . т . е . сразу же после войны , победителей , героев , можно называть оккупационными войсками , а спустя девять лет решили что это очень негативно ? серьезно ?",1,0,0.21028814
в гестапо иди работай .,1,0,0.21013026
"если админ все время работает - это плохой админ . прям kpi можно вводить админское , сколько раз все пошло по п е . и дополнительно награждать админа , если он ни разу за месяц не работал",0,1,0.5815831
"я не в рашке живу а в молдове , тут режь не режь , ничего не измениться , все кто могут съебывают куда подальше в европу , тут бороться не за что .",1,0,0.2251876
а россия все еще в плащике ходит постсоветском и пытается навязывать свою волю в виде укры и русские - единый народ . ахренеть .,1,0,0.21543238
"у меня бывает говорение о себе в 3 - м лице . . . а может это шизофрения , кто знает ? )",1,0,0.079698704
"не быть тс богом маркетинга , даже локацию не указали в объявке заберу за 5 у . е . , если молодечно",0,1,0.5377045
"самое ахуенное время это начало донбаса , по 3 - 4 видоса в день , видосы от моторолы и ко , крымотреды нон стоп , милитари мапа и радио , эх были времена . . .",1,0,0.3391637
"блин , похоже старческий маразм начался , совсем забыл (",1,0,0.16698492
"русских - то в украине никто не режет , ракетами по ним никто не стреляет .",1,0,0.20379442
клопы между страниц что ли прячутся ? нафиг книги - то выкидывать ?,1,0,0.43701482
спасибо ! мне безумно приятно !,0,1,0.72196555
прост с психикой у типа проблемы,1,0,0.29107952
"понял . т . е . люстра не с 12 - ю рожками , а только с тремя . спасибо .",0,1,0.6257668
"кстати , тупая шутка про коран кому как . мне зашла соседка за солью , товарищ майор , хоть и подача была быдловата .",1,0,0.38628995
"ты стебешься сейчас ? есть люди , которые не знают и готовы учиться . а есть люди , которые не знают и считают , что им все обязаны . учить таких - куча нервов и нахуй лично мне не надо . проверено на личном опыте - денег с таких - минимум , зато запросы чуть ли не королевские , плюс стабильный головняк ( ой , нам тут надо ещё чуть - чуть весь текст поправить прям сейчас ) и нервы . хотите этого - занимайтесь , я не против . но не надо навязывать мнение , что это нормально , они от этого ещё больше борзеют . п . с . тот , кто не может составить бриф - понятия не имеет , что ему нужно , а виноватым будешь ты .",1,0,0.4527666
"двачую , конченое поколение подписчиков подобного дерьма с неокрепшим мозгом которых судя по всему алкаши воспитали что у них ненависть к ним такая . ладно в конце девяностых пацаны постарше пиздили наркоманов которые под угрозой шприца со спидом ( у знакомого так плеер отобрали ) или пиздюлей отбирали деньги и вещи у пиздюков возле школы и на остановках . . . такая же параша и этот лазутин только вместо шприцов камеры а вместо денег пивко , жаль только что их еще не покалечили чтоб охоту отбило до всех доёбываться .",1,0,0.26702625
"если сварочный аппарат подключить , получится подобное ?",0,1,0.53118724
"президент сша дональд трамп заявил , что всерьез рассматривает возможность членства бразилии в нато . об этом он рассказал на совместной с бразильским коллегой жаиром болсонару пресс - конференции , передает reuters . вашингтон намерен объявить бразилию главным стратегическим союзником среди государств , не входящих в нато , и допускает возможность членства бразилии в альянсе . это значительно укрепит безопасность и сотрудничество между нашими странами , объяснил американский лидер . кроме того , трамп поддерживает желание болсонару присоединиться к организации экономического сотрудничества и развития . по словам американского лидера , отношения между странами никогда не были настолько близкими . ранее болсонару призвал очистить бразилию от грязных левых взглядов . отмечалось , что поездка бразильского лидера в вашингтон должна продемонстрировать приверженность южноамериканской страны сша , что является отклонением от традиционной дипломатической линии страны . болсонару стал президентом бразилии 28 октября 2018 года . он отмечал , что планирует изменить направление движения страны и сближаться с развитыми экономиками , а не региональными союзниками .",1,0,0.31475908
"израиль . спецподразделения армии , полиции и шабак ликвидировали палестинского террориста амара абу - лайла , который совершил нападение на солдат цахал у перекрестка ариэль , а затем застрелил раввина этингера . цахал действовал на основе точечной информации о местонахождении боевика , полученной от самих палестинцев . по данным ynet , после трехдневных поисков штурмовое подразделение спецназа под видом пассажиров палестинского такси желтого цвета прибыло в деревню ивлин в пригороде рамаллы . когда бойцы подразделения приблизились к дому , где скрывался террорист , тот открыл огонь на поражение из украденной на месте теракта винтовки м - 16 убитого военнослужащего цахал . абу - лайла был уничтожен ответным огнем снайперов . продолжается розыск сообщников боевика . его брат и отец арестованы шабак . семейный магазин абу - лайла в арабской деревне бидия закрыт по решению властей . напомним , что жертвами теракта возле ариэля стали 19 - летний сержант галь кайдан и 47 - летний раввин ахиад этингер , отец 12 детей . напомним : сын репатриантов из ссср галь кайдан погиб в теракте у перекрестка ариэль 19 - летний младший сержант артиллерийского подразделения эш галь кайдан погиб в теракте у перекрестка ариэль , сообщает издание ynet . родители погибшего анатолий и марина кайдан репатриировались в израиль из ссср в середине 70 - х годов прошлого века , сообщает 12 канал итв . еще один солдат цахал , который получил тяжелое огнестрельное ранение в живот в теракте у перекрестка гитай авишар , переведен в реанимационное отделение больницы бейлинсон в петах - тикве .",1,0,0.3008472
"мне вас очень жаль , если для вас оскорбления - норма .",0,1,0.5226358
это шизофрении какая - то . запутинцы прославляющие сталина . у вас с логикой все в порядке ?,1,0,0.26937178
"двухэтажный поезд , только шкода .",0,1,0.55595374
ну нет же ! нет ! ну кто так делает ? на этом месте должен стоять холодильник !,0,1,0.64163995
а этот коммент можете плюсовать,0,1,0.5300231
"анон , моя родина - татарстан - смертельно больна . ее поразили метастазы русизма , охватившие буквально все в моей республике . опухоль настолько разрослась , что проникла даже в наше некогда сплоченное и приверженное национальным ценностям правительство - теперь и там вы увидите кучу русколобых на руководящих должностях .",1,0,0.3263468
"не слушай тех , кто советует пенопласт клеить . сам подумай , что с ним будет при высоких температурах хочешь дёшево и сердито ? сперва изолон , подойдёт 5мм , фольгированной стороной от себя . его нельзя впритык к крыше , должен быть зазор . следом эппс , постарайся сделать все герметично . а уже финишом вагонку",0,1,0.5012722
"первая заявка на победу в треде ! кемерово теперь славный город пыня . если появится другой претендендент - кемерово станет пыня - 1 , закрытое территориальное образование по типу челябинска - 40 .",0,1,0.52333933
страна - пидор в своём репертуаре,1,0,0.48603186
"без лобковой бородки он похож на доярочку . блядь , я тупо не понимаю , как можно быть настолько жирным ? это же не только с эстетической точки зрения - пиздец . это ещё и по мотору бьёт не слабо . да и хуёк свой он когда в последний раз видел вообще ? очень выкашивает меня этот тип . в первую очередь потому , что он тупо хам . на любых интервью и подкастах - всех перебивает , не даёт договорить . свинья ёбаная",1,0,0.3914598
"шмароёб реально задолбал . зачем он срёт этой шалавой ? в одиночестве пусть шышку хоть до основания стирает , но нахуй она на автаче если у неё , блять , даже прав нет ? ! бунд блядь !",1,0,0.34281662
"даже если женюсь , останусь категорическим противником межвидовых сношений и не уговаривайте !",0,1,0.5561476
"ну вот и кончились добрые дела с даунятами и собачками , опять пошёл кликбейт: лев против - перепалка с быдлом в парке лев против - охрана храма христа спасителя курит и матерится около детей лев против - пьяный пассажир устроил дебош в самолете .",1,0,0.33935302
"в украине 99 , 9 людей вообще не знают кто он такой , а оставшемуся 0 , 1 на него пох й . получается , он делает контент об украине для российского внутреннего употребления , и ничем не отличается от той же скабеевой и киселёва )",1,0,0.29390803
ну так из - за этого шизоида большинство постов не теме,1,0,0.41716006
"поздравляю , вы прислуга . может быть видели плакат времён второй мировой: русишен швайне , приезжайте в рейх , там вас ждёт работа и достойная жизнь ?",1,0,0.35754076
"но я ни за что не вернусь в анимублядский , моча у меня пасскод отобрала .",1,0,0.094879106
"пусть стрим на канале этой тупой шаболды , но он нереально ламповый и пиздатый . прямое общение , шутеечки и песенки - что может быть лучше , вот это контент .",1,0,0.23685439
"русские люди просто уже привыкли к плохой жизни . вот и тут на дваче эти упыри восторженно пишут , что им в рашке нормалёк .",1,0,0.36151376
"зашёл проконтролировать , всё ли на месте .",0,1,0.50809133
"кислводская городская больница . деньги за справки до сих пор берут наличкой , терминалов у них нет и не ожидается . всё для жиетлей . куча бумажек и мукулатуры . . до сих пот трясут фотографии и клеют их на свои бумажки для архива .",0,1,0.51097137
чуть тепленькая вода всегда,0,1,0.7383334
"кстати , тупая шутка про коран . не стоило так шутить , тем более что он не мусульманин .",1,0,0.47322467
с тваей мамкай ) 0 ) азаза,1,0,0.18718569
"300 рублей , у нас еврейский коллектив",0,1,0.6095907
ну и . . . когда аргументы то уже начнутся ?,1,0,0.44484326
"маловато этих мымр гнобят . они на очередных выборах опять подмахнут , кому надо .",1,0,0.38981274
вот фак из вронг виз ю ?,1,0,0.36241275
"ну так без подряда покупают строить себе , обычно .",0,1,0.57336354
хм . . . логично . тогда давай лучше будем загадывать загадки,0,1,0.613189
"до чего же все таки николаха поехавший уёбок и мразь взгляните в его лицо , это же натуральный пахом , только на троне",1,0,0.30493107
под босоножками имелись в виду туфли - босоножки типа таких:,1,0,0.40363348
а в чем проблема законы оставить такими же ? просто убрать формулировку ес,0,1,0.71526647
"ворона , кар - кар - кар - кар - кар - кар - кар . . . а петух рококо",1,0,0.25156146
насчитала меньшую сумму ? т . е . вы поругали ее потому что посчитала меньшую сумму для оплаты ?,0,1,0.827751
люля - кебаб в блендере забыл,1,0,0.19352062
"эх , старость - не радость . да и молодость - не жизнь . . . работать надо ! а не достоевщиной заниматься !",0,1,0.5258747
"да жидяра это , что тут думать",1,0,0.33778018
"вот эта дама - автор рецензии в биба - рафаэль , на которую маэстра ссылается в недавнем твите кста .",1,0,0.26003745
а чё этого клоуна никто не вспомнил ?,1,0,0.43950474
"вы путаете возможность и вероятность . вероятность зависит от начальных условий , т . е . для конкретной опрошенной блондинки вероятность нулевая . а возможность события зависит только от непротиворечивости основным физическим законам , и поэтому встреча таки возможна . а вероятность , т . е . насколько часто это случается , таки пока нулевая .",0,1,0.6461257
"это называется яжемать моему дитячку сделали лишнюю прививку , увольте эту суку",1,0,0.46804866
"ну уж нет . зона племен , как в пакистане нам на границах не нужна . да и вопрос донбасса решать таки нужно уже .",1,0,0.20464009
так этим пидорам толерантным и надо . за что боролись на то и напоролись .,1,0,0.39141798
"судя по - всему , дебилы , которые готовы отдать за этот таз 1млн . руб закончились , а бабки как то осваивать надо",1,0,0.44695935
"н е сказал бы: понася могут ругать как пиздоболы , так и нет . а вот если человек хвалит понася - тут к гадалке не ходи: либо дурак , либо пиздобол .",0,1,0.6261102
барины рабам в двух словах умещается всё мировоззрение пидорашек . именно эти две извилины в мозгу пидорах отвечают за проецирование данных слов на союзные украинско - американские отношения . сосач познавательный . в мире животных .,1,0,0.42649895
"как известно , у укр ины ( т . е . окр ины ) , слепленной по пьяни на коленке во 2 - м десятилетии xx в . , нет истории до xx столетия . все земли , которые сейчас занимает укр ина , это русские , румынские , польские и венгерские земли . напоминаем , что укр инство это сугубо левацкая , антиконсервативная местечково - хуторская идеология , направленная , как и прочие левацкие идеи , на разделение больших наций и поддержание диктата интернацистов . сторонники бандеровцев ( леваков , выступавших за бесклассовое общество и борьбу с капитализмом ) и карлика - душителя котов степана бандеры , который , как известно , боролся с расизмом , поддерживал идель - урал и называл побратимами исламских борцов за свободу из азербайджана , не пользуются симпатиями у правых европейцев . и это правильно . попытки заявить о некой отдельной нации неких украинцев это манипуляции , созданные с целью оторвать от русских часть их этнических земель и ослабить в будущем россию . только так , чудовищной ложью и тотальной пропагандой , фейковая нация укр инцев , слепленная советскими кукловодами из русских юга и киевщины , галичан , поляков , советских румын , славянизированных гуцулов , закарпатских венгров , евреев , татар и многонациональных советских новиопов ( а ля бабченко ) , может обрести жизнь на русских этнических землях . разумеется , нет никакого народа укр инцев , как бы одно соседнее failed state ни пыталось их вывести из русских путём обмана , коверканья истории и откровенной фальсификации . нынешний эксперимент по созданию некой украинской нации можно сравнить разве что с советским экспериментом по созданию нации советской на основании таких же мифов , фейков и откровенного бреда . и маниакальное желание снести все памятники выродку ленину ( бланку ) вас не должно обнадёживать . на смену ему устанавливают памятники такого же левацкого дегенерата - кошкодава бандеры , чьи руки по локоть в славянской ( прежде всего , польской ) крови . заместо совковой лжи про великую революцию октября пришла точно такая же наглая ложь про великую революц ю г дност абстрагируйтесь от фигуры блогера и посмотрите видео чем в итоге завершился советский эксперимент , мы все знаем . ждём закономерного итога эксперимента эльфийского ( простите , укр инского ) . разумеется , зомбированные люди будут цепляться до последнего за свои мифы про отельный народ и чужих московитов , но всё это наваждение рано или поздно сгинет , как сгинул совок со своей мощной идеологией , мифами и фейками .",1,0,0.26197124
эти облака - розовая вата . федот,0,1,0.60635865
"сам заебал . история реальная - реальная . check расу персонажа изменили - изменили . check ну и какого хера тогда тут затирают , что ну фильм пиздец как бы изменился . ? в одном случае фильм по реальной истории оказывается пиздец как меняется и это расизм , а в другой - ну , они не могли белого найти , потому что у них лапки , так у тебя логика работает ?",1,0,0.24623658
"убогие на паперти тоже зашибают ого - го , но ведь есть черта , за которой человеческое достоинство превращается в ничто , в животную жажду наживы , в людоедство , попрошайничество и проч . и проч .",1,0,0.08188025
"зальете шебм ? вот этот кун . говорит , будто заявление забрали . алсо как - то и не скажешь , что он станет совать хуй в очъко тян , а потом обмазывать ей губы , лол . фу нахуй . алсо , мне думается , что пиздит",1,0,0.42844048
"эм , нет , никто этого пидорасы не оболгал , он даже потом извиняться начала но он так всех заебал даже на съезде уже прогнившей кпсс его просто захлопали дабы не слушать .",1,0,0.43966568
"сжигатели вон минусут . ой , и правда , это же биомусор ! чего это я ! растворить в кислоте вместе с младенцем и вылить на помойку , нехрен свои шансоны разводить . мы ведь тут элитарии все как один , совесть и цвет нации , мерятели черепов и борцы за гуманизм .",1,0,0.443762
сколько уже можно постить это дерьмо ? ? ?,1,0,0.3661559
"и получаешь метку проклятого на весь бой , не только от игроков вражеской команды",1,0,0.44935057
"о , я топовая чтоли ? фигасе . . .",1,0,0.35605386
вот это действительно браво ! .,0,1,0.5339494
зашёл я в свежее . теперь из за тебя я весь в дерьме (,1,0,0.06638923
у него батя или брат - мент . это объясняет ватность и совкодрочерство .,1,0,0.4539924
"бедные нещастные муслимы , настоящие борцы против кровавых коммуняк . каждый свободный человек должен поддержать их в борьбе .",1,0,0.3919086
рука ушла блудить с ногою спина на попе сладко спит и сатана на это глядя тихонько в ауте сидит,1,0,0.20293419
"у тебя что , интоксикация украинским миром ?",1,0,0.42871398
", мат . мои нежные , девственные чувства оскорблены .",1,0,0.2864543
"да ну , каждый день миллиардам внушается мысль о потребностях , которых у них нет - реклама называется",0,1,0.55809206
хотел позвать модератора . . . если ваш ответчик сочтёт это оскорблением - позовёт сам,0,1,0.612984
"ну так ума нет , считай калека .",1,0,0.38902053
"союз дети скрепляют , но твоя шлюха в них не может .",1,0,0.06456446
"вот каждый раз на пикабу найдется зануда , под последним комментом в ветке , который не умеет в сарказм и он запросит пруфы у такого же билли , как я",1,0,0.2546143
вы что дебил ? кто же будет исследовать собственные косяки ? в лучшем случае предлжат усовершенствованную вакцину позже .,1,0,0.3005863
как подробно он о себе рассказал все - таки .,0,1,0.63540787
"фрэд , иди нахуй , не пойдём на твой ссаный концерт",1,0,0.47016004
а вата будет продолжать ржать над кличко в киеве .,1,0,0.20826341
"ивашка , под простоквашкой .",1,0,0.39139208
